period,date,variant,session_id,user_id,device,traffic_source,country,pageviews,add_to_cart,purchase,order_value
during,2025-07-29,A,S206005,U31541,mobile,organic,ID,6,0,0,0
before,2025-07-17,,S104323,U42335,mobile,affiliate,TH,5,0,0,0
before,2025-07-27,,S100733,U3413,mobile,social,ID,4,0,0,0
before,2025-07-16,,S102516,U17226,mobile,organic,ID,3,0,0,0
during,2025-08-03,A,S204665,U85147,tablet,email,PH,4,0,0,0
during,2025-07-31,A,S200888,U63167,desktop,paid_search,TH,2,0,0,0
during,2025-07-30,B,S202457,U19528,desktop,organic,PH,6,0,1,423000
before,2025-07-19,,S100136,U51227,mobile,organic,ID,2,0,0,0
during,2025-08-11,B,S207404,U34335,desktop,direct,ID,7,0,0,0
before,2025-07-26,,S108544,U34434,desktop,organic,ID,5,0,0,0
before,2025-07-19,,S103096,U64985,mobile,paid_search,PH,2,0,0,0
before,2025-07-26,,S107330,U75258,mobile,paid_search,ID,5,0,0,0
during,2025-08-07,A,S208373,U85530,desktop,affiliate,MY,5,0,0,0
during,2025-08-06,B,S204669,U39577,mobile,organic,TH,7,0,0,0
during,2025-08-01,A,S209537,U28409,mobile,organic,ID,6,1,0,0
before,2025-07-22,,S107148,U38282,desktop,social,SG,4,1,0,0
during,2025-08-11,B,S206297,U84991,desktop,social,ID,6,0,0,0
during,2025-08-07,A,S208948,U12345,mobile,paid_search,ID,4,0,0,0
before,2025-07-26,,S109454,U86895,mobile,social,SG,6,0,0,0
before,2025-07-15,,S106718,U52630,desktop,organic,ID,7,0,0,0
before,2025-07-28,,S102457,U62451,desktop,email,ID,4,0,0,0
before,2025-07-25,,S100616,U57247,mobile,paid_search,ID,4,0,0,0
during,2025-08-10,B,S205094,U73041,mobile,organic,MY,6,0,0,0
during,2025-08-08,A,S203513,U29973,mobile,organic,ID,5,1,1,214000
before,2025-07-27,,S101296,U79113,tablet,paid_search,PH,8,0,0,0
during,2025-08-07,B,S207710,U21636,mobile,organic,MY,4,0,0,0
during,2025-08-06,A,S204928,U40555,desktop,organic,ID,8,0,0,0
during,2025-07-29,B,S206956,U86734,desktop,email,PH,6,0,0,0
during,2025-08-10,A,S206429,U51537,desktop,organic,ID,5,0,0,0
before,2025-07-20,,S109666,U36788,mobile,email,PH,1,0,0,0
before,2025-07-20,,S109175,U73590,desktop,organic,ID,8,1,0,0
during,2025-08-09,A,S209983,U41905,mobile,social,TH,7,0,0,0
during,2025-08-07,A,S207360,U29775,tablet,social,ID,3,0,0,0
during,2025-08-01,B,S206223,U44872,desktop,organic,ID,6,0,0,0
during,2025-07-31,A,S205171,U55251,mobile,organic,ID,1,0,0,0
during,2025-08-01,A,S202750,U25501,desktop,paid_search,PH,3,0,0,0
during,2025-08-03,A,S208713,U45481,mobile,social,ID,5,0,0,0
before,2025-07-19,,S106632,U78605,mobile,email,ID,6,1,1,267000
during,2025-08-10,B,S209181,U63062,mobile,email,ID,5,1,0,0
during,2025-08-08,A,S208354,U35659,mobile,social,ID,4,1,0,0
during,2025-08-05,B,S202472,U85496,tablet,organic,ID,1,0,0,0
during,2025-07-29,A,S209022,U26332,mobile,organic,ID,1,0,0,0
before,2025-07-24,,S107701,U76207,mobile,paid_search,ID,3,0,0,0
before,2025-07-16,,S103616,U62993,desktop,social,ID,4,0,0,0
during,2025-08-07,B,S203511,U81838,mobile,email,MY,4,0,0,0
during,2025-08-11,A,S202576,U9713,mobile,social,ID,2,0,0,0
during,2025-08-02,A,S205732,U76480,mobile,organic,ID,4,0,0,0
before,2025-07-20,,S105547,U10416,mobile,social,ID,2,0,0,0
during,2025-08-06,A,S203418,U10484,mobile,organic,ID,2,0,0,0
before,2025-07-20,,S109224,U31394,mobile,organic,ID,3,0,0,0
during,2025-08-04,B,S207337,U84906,tablet,organic,ID,1,0,0,0
during,2025-08-06,A,S202839,U17128,mobile,organic,ID,3,1,0,0
during,2025-08-03,A,S207452,U78432,mobile,organic,ID,8,0,0,0
during,2025-08-02,A,S202952,U41416,mobile,organic,SG,4,0,0,0
before,2025-07-16,,S103681,U37575,mobile,organic,ID,7,0,0,0
during,2025-08-08,B,S207382,U67108,mobile,paid_search,ID,6,1,1,437000
before,2025-07-28,,S102303,U87038,mobile,organic,ID,7,0,0,0
during,2025-07-30,A,S206369,U22795,mobile,paid_search,ID,1,0,0,0
during,2025-08-06,A,S204445,U32861,tablet,paid_search,ID,3,0,0,0
during,2025-08-08,A,S202315,U68247,tablet,organic,PH,5,0,0,0
before,2025-07-25,,S104316,U31552,desktop,organic,ID,6,0,0,0
during,2025-07-29,A,S205512,U78526,mobile,organic,TH,2,0,0,0
during,2025-08-07,B,S209881,U31799,mobile,email,ID,2,0,0,0
during,2025-08-09,B,S209589,U9955,mobile,organic,ID,5,0,0,0
before,2025-07-24,,S106575,U44815,mobile,organic,ID,4,0,0,0
during,2025-08-04,B,S206426,U52699,mobile,organic,MY,6,1,1,270000
before,2025-07-21,,S107488,U38550,mobile,organic,ID,3,0,0,0
before,2025-07-19,,S105671,U79824,tablet,social,TH,8,0,0,0
during,2025-08-01,A,S206704,U26378,desktop,paid_search,TH,5,0,0,0
during,2025-08-09,A,S203669,U56324,desktop,organic,ID,3,0,0,0
before,2025-07-22,,S106210,U55592,mobile,direct,MY,4,1,0,0
before,2025-07-16,,S100613,U79218,mobile,paid_search,ID,5,0,0,0
before,2025-07-23,,S105228,U44481,mobile,email,ID,4,0,0,0
during,2025-07-30,B,S203170,U61988,mobile,email,ID,7,0,0,0
during,2025-08-06,B,S209866,U46017,mobile,organic,ID,2,0,0,0
during,2025-08-08,A,S200425,U72001,mobile,paid_search,MY,6,0,0,0
during,2025-08-04,B,S206940,U83805,mobile,organic,ID,2,0,0,0
before,2025-07-16,,S104914,U22946,mobile,organic,ID,5,0,0,0
before,2025-07-18,,S103747,U41318,mobile,organic,ID,2,1,1,655000
before,2025-07-25,,S105574,U72028,mobile,organic,ID,5,0,0,0
during,2025-07-31,B,S203299,U48775,mobile,paid_search,TH,5,0,0,0
before,2025-07-27,,S109347,U13674,tablet,affiliate,ID,8,0,0,0
during,2025-07-31,B,S207584,U18597,mobile,email,ID,4,0,0,0
during,2025-08-10,B,S206735,U42678,mobile,organic,TH,5,1,1,357000
during,2025-08-01,B,S204404,U62071,mobile,paid_search,ID,4,0,0,0
during,2025-08-01,A,S202232,U1340,desktop,email,MY,8,0,0,0
before,2025-07-23,,S104613,U77439,desktop,organic,ID,1,0,0,0
before,2025-07-21,,S103499,U25151,desktop,social,ID,4,0,0,0
before,2025-07-23,,S102623,U16588,mobile,affiliate,ID,4,0,0,0
during,2025-07-29,A,S205913,U20200,desktop,direct,ID,8,0,0,0
before,2025-07-25,,S108429,U45291,desktop,social,ID,6,0,0,0
during,2025-08-07,B,S206842,U21791,mobile,organic,ID,2,0,0,0
during,2025-08-08,A,S200165,U56426,desktop,social,TH,6,0,0,0
before,2025-07-16,,S109515,U76885,desktop,social,TH,5,0,0,0
during,2025-08-02,B,S209823,U36788,mobile,social,ID,3,0,0,0
during,2025-08-01,B,S202586,U3900,desktop,paid_search,SG,7,0,0,0
during,2025-08-05,A,S202678,U69224,desktop,organic,MY,1,0,0,0
during,2025-08-03,A,S202653,U28370,mobile,organic,ID,4,0,0,0
during,2025-08-10,B,S209712,U49399,tablet,organic,ID,5,0,0,0
before,2025-07-17,,S104446,U4679,mobile,email,SG,7,0,0,0
during,2025-08-05,A,S208777,U4083,mobile,organic,ID,4,0,0,0
before,2025-07-21,,S108290,U78755,desktop,email,ID,8,1,1,942000
before,2025-07-21,,S105298,U56956,mobile,paid_search,ID,3,0,0,0
during,2025-07-30,A,S207619,U74886,mobile,organic,ID,4,0,0,0
before,2025-07-21,,S103835,U44952,desktop,social,ID,5,0,0,0
before,2025-07-18,,S107991,U18659,desktop,paid_search,ID,8,0,0,0
during,2025-08-01,A,S203150,U18458,mobile,organic,ID,2,1,0,0
during,2025-08-07,A,S207275,U56807,mobile,paid_search,ID,5,1,0,0
during,2025-07-30,A,S208471,U24570,desktop,organic,SG,2,0,0,0
before,2025-07-18,,S105504,U86674,mobile,organic,SG,3,0,0,0
during,2025-08-01,A,S204297,U6263,mobile,social,ID,6,0,0,0
before,2025-07-28,,S102231,U47710,mobile,paid_search,ID,4,0,0,0
before,2025-07-21,,S108558,U41382,mobile,social,MY,4,0,0,0
during,2025-08-11,B,S202407,U79173,mobile,social,ID,1,0,0,0
during,2025-08-01,A,S204802,U50345,mobile,organic,ID,1,0,0,0
during,2025-08-01,B,S200116,U20212,desktop,organic,ID,10,1,0,0
before,2025-07-28,,S104961,U89281,mobile,social,ID,7,0,1,229000
during,2025-07-30,A,S205580,U26201,mobile,organic,MY,2,0,0,0
before,2025-07-25,,S100455,U49893,tablet,social,TH,2,0,0,0
before,2025-07-20,,S105424,U59235,mobile,organic,SG,1,0,0,0
before,2025-07-27,,S102699,U18165,mobile,organic,ID,6,0,0,0
before,2025-07-20,,S104748,U18101,desktop,paid_search,ID,3,0,0,0
before,2025-07-21,,S104538,U28278,mobile,organic,ID,1,0,0,0
before,2025-07-25,,S106244,U64797,mobile,social,ID,7,0,0,0
before,2025-07-28,,S109820,U43351,desktop,paid_search,ID,6,0,0,0
before,2025-07-18,,S106602,U8370,mobile,email,ID,5,1,0,0
before,2025-07-25,,S102349,U7610,desktop,organic,TH,4,0,1,429000
before,2025-07-23,,S106347,U70001,mobile,paid_search,MY,2,0,0,0
during,2025-07-31,B,S209760,U74842,desktop,email,ID,4,1,0,0
during,2025-08-05,A,S202409,U76902,mobile,affiliate,ID,6,0,0,0
before,2025-07-28,,S108533,U50057,tablet,affiliate,ID,6,0,0,0
during,2025-07-31,A,S209830,U72865,desktop,affiliate,ID,7,0,0,0
before,2025-07-22,,S102366,U43718,desktop,direct,TH,7,1,0,0
during,2025-07-31,A,S204295,U67292,desktop,affiliate,ID,7,0,0,0
during,2025-08-01,B,S205975,U57360,desktop,social,TH,8,0,0,0
before,2025-07-27,,S102324,U34545,desktop,social,ID,4,0,0,0
before,2025-07-20,,S102938,U2115,desktop,email,SG,6,0,0,0
during,2025-08-06,A,S204981,U68708,tablet,social,ID,3,0,0,0
during,2025-08-08,B,S209045,U45356,mobile,paid_search,ID,3,0,0,0
during,2025-08-08,A,S205275,U34666,desktop,social,ID,7,0,0,0
during,2025-08-03,A,S209824,U73321,mobile,organic,TH,3,0,0,0
during,2025-08-05,B,S201531,U86326,desktop,organic,ID,5,0,0,0
before,2025-07-18,,S102057,U83600,mobile,social,ID,4,0,0,0
before,2025-07-19,,S107646,U22584,desktop,social,TH,3,0,0,0
before,2025-07-27,,S102140,U38361,desktop,paid_search,ID,3,0,0,0
during,2025-08-08,A,S208357,U77970,tablet,organic,ID,2,0,0,0
during,2025-08-05,A,S206015,U79085,mobile,direct,ID,5,0,0,0
during,2025-08-08,A,S204379,U77750,mobile,organic,ID,3,0,0,0
before,2025-07-24,,S108923,U62671,mobile,email,SG,4,1,0,0
before,2025-07-17,,S104626,U78722,mobile,organic,ID,6,0,0,0
before,2025-07-21,,S102426,U18158,mobile,paid_search,ID,4,0,0,0
before,2025-07-17,,S105206,U12517,mobile,social,TH,5,0,0,0
before,2025-07-16,,S108418,U30974,mobile,paid_search,MY,5,0,0,0
during,2025-08-10,B,S206204,U25577,desktop,social,ID,4,0,0,0
during,2025-08-02,B,S209995,U48110,tablet,paid_search,ID,5,0,0,0
before,2025-07-25,,S102019,U26287,desktop,organic,ID,9,0,0,0
before,2025-07-22,,S108411,U15877,desktop,social,ID,9,0,0,0
during,2025-07-31,B,S200155,U59662,desktop,email,ID,7,0,1,169000
before,2025-07-24,,S108567,U69040,desktop,paid_search,ID,6,0,0,0
before,2025-07-23,,S104681,U60004,desktop,paid_search,ID,9,0,1,194000
during,2025-07-29,A,S202876,U6385,desktop,organic,ID,6,0,0,0
before,2025-07-28,,S107715,U42521,mobile,email,TH,5,1,0,0
during,2025-08-10,A,S204140,U31475,mobile,organic,MY,4,0,0,0
before,2025-07-21,,S106889,U87479,desktop,paid_search,ID,7,0,0,0
before,2025-07-27,,S101820,U5725,mobile,paid_search,TH,1,0,0,0
before,2025-07-21,,S109531,U52986,mobile,email,ID,7,0,0,0
during,2025-08-03,B,S203854,U65905,desktop,paid_search,ID,5,0,0,0
before,2025-07-15,,S102698,U21054,mobile,direct,PH,4,0,0,0
before,2025-07-20,,S107341,U21439,desktop,direct,ID,7,0,0,0
before,2025-07-22,,S106117,U30427,desktop,organic,SG,8,1,1,65000
before,2025-07-18,,S100376,U45460,tablet,affiliate,TH,1,0,0,0
during,2025-08-05,A,S207680,U53833,mobile,social,ID,4,0,0,0
during,2025-08-01,A,S205305,U61977,mobile,organic,ID,3,0,0,0
before,2025-07-16,,S102555,U55304,desktop,organic,ID,2,0,0,0
before,2025-07-23,,S109922,U53494,mobile,paid_search,ID,5,0,0,0
before,2025-07-23,,S100748,U87339,mobile,paid_search,ID,9,0,1,823000
during,2025-08-09,B,S200207,U51816,mobile,organic,ID,4,0,0,0
during,2025-08-11,A,S207585,U83386,desktop,organic,ID,6,1,0,0
during,2025-08-02,A,S207745,U4907,mobile,direct,SG,7,0,0,0
before,2025-07-26,,S108851,U76940,tablet,paid_search,ID,2,1,0,0
during,2025-08-07,A,S205788,U77252,desktop,paid_search,PH,1,0,0,0
before,2025-07-28,,S102981,U85106,desktop,organic,ID,2,1,0,0
during,2025-08-10,B,S205930,U88798,mobile,affiliate,MY,3,0,0,0
during,2025-08-02,B,S208971,U4978,desktop,direct,TH,4,0,0,0
during,2025-08-10,A,S209892,U61099,mobile,organic,ID,7,0,0,0
before,2025-07-18,,S103695,U68509,mobile,affiliate,ID,6,0,0,0
during,2025-08-01,B,S201843,U52118,desktop,direct,ID,4,0,0,0
before,2025-07-25,,S102563,U42792,desktop,social,ID,4,0,0,0
before,2025-07-16,,S108037,U30954,desktop,social,ID,5,1,0,0
during,2025-07-30,B,S206164,U36232,desktop,paid_search,PH,2,0,0,0
before,2025-07-22,,S105803,U35890,mobile,social,ID,5,0,0,0
before,2025-07-26,,S103414,U52455,tablet,social,ID,3,0,0,0
before,2025-07-25,,S106158,U66308,desktop,social,TH,4,0,0,0
during,2025-08-07,A,S202702,U48246,mobile,email,ID,5,0,0,0
before,2025-07-16,,S103546,U60965,desktop,email,ID,1,1,0,0
during,2025-07-31,A,S209220,U39942,mobile,paid_search,ID,6,0,0,0
before,2025-07-17,,S106804,U52003,desktop,organic,TH,2,1,1,299000
before,2025-07-23,,S104153,U80782,desktop,paid_search,ID,7,0,0,0
before,2025-07-28,,S103407,U29757,tablet,organic,ID,1,0,0,0
during,2025-08-01,B,S209257,U30581,desktop,organic,MY,8,0,0,0
during,2025-08-05,A,S202523,U19645,desktop,organic,ID,9,1,0,0
before,2025-07-23,,S109753,U28050,mobile,social,ID,7,0,0,0
during,2025-08-01,A,S201372,U70358,mobile,organic,ID,1,0,0,0
before,2025-07-18,,S101134,U54412,mobile,direct,ID,3,0,0,0
during,2025-08-06,A,S206846,U11352,desktop,social,PH,2,0,0,0
before,2025-07-21,,S108050,U86311,desktop,email,MY,5,0,0,0
during,2025-07-29,B,S201018,U26928,desktop,social,PH,5,0,1,212000
before,2025-07-22,,S103029,U5761,desktop,social,ID,4,0,0,0
during,2025-08-02,B,S208847,U39049,mobile,organic,PH,4,0,0,0
before,2025-07-21,,S104357,U64582,desktop,organic,ID,6,0,0,0
before,2025-07-17,,S104041,U30072,desktop,organic,SG,4,0,0,0
during,2025-08-08,B,S201954,U60619,mobile,social,ID,7,0,0,0
during,2025-08-07,A,S204492,U11609,mobile,organic,ID,3,0,0,0
before,2025-07-26,,S104653,U3459,desktop,organic,SG,3,0,0,0
before,2025-07-16,,S106892,U17820,mobile,social,ID,4,0,0,0
during,2025-08-03,A,S200594,U58824,mobile,organic,ID,3,0,0,0
before,2025-07-23,,S103700,U56255,tablet,organic,PH,6,0,0,0
before,2025-07-27,,S102131,U72667,mobile,organic,ID,1,1,0,0
before,2025-07-15,,S109177,U45775,mobile,direct,ID,3,0,0,0
during,2025-08-04,B,S203926,U65478,desktop,organic,ID,5,0,0,0
before,2025-07-17,,S105390,U25281,mobile,organic,ID,5,1,0,0
during,2025-08-03,A,S201677,U27214,desktop,organic,TH,7,1,0,0
during,2025-08-05,A,S209330,U25856,desktop,organic,MY,6,1,0,0
during,2025-07-31,A,S208351,U23403,desktop,paid_search,ID,4,0,0,0
before,2025-07-15,,S102432,U59830,desktop,organic,ID,4,1,0,0
before,2025-07-24,,S100999,U81032,desktop,paid_search,MY,3,0,0,0
before,2025-07-22,,S106124,U32335,mobile,paid_search,ID,5,0,0,0
during,2025-08-06,B,S200381,U69604,mobile,organic,ID,2,0,1,432000
during,2025-08-02,A,S206827,U66008,desktop,organic,ID,6,0,0,0
before,2025-07-17,,S102243,U2359,mobile,organic,PH,2,0,0,0
during,2025-08-04,B,S200443,U81391,tablet,organic,ID,3,0,0,0
before,2025-07-21,,S102049,U70918,desktop,paid_search,ID,3,0,0,0
before,2025-07-18,,S105087,U66363,mobile,organic,SG,5,0,0,0
before,2025-07-26,,S105134,U35129,tablet,social,ID,2,0,0,0
before,2025-07-21,,S102529,U47707,mobile,social,SG,3,0,0,0
before,2025-07-16,,S103229,U74048,mobile,organic,MY,5,0,0,0
during,2025-07-29,A,S209254,U67993,mobile,organic,ID,5,0,0,0
before,2025-07-20,,S105900,U66842,desktop,organic,ID,9,0,0,0
before,2025-07-19,,S108059,U61857,mobile,organic,PH,3,1,0,0
during,2025-08-04,B,S208761,U47776,mobile,organic,ID,2,0,0,0
during,2025-08-11,B,S203729,U88428,mobile,social,TH,4,0,0,0
before,2025-07-28,,S104085,U74844,desktop,paid_search,PH,4,0,0,0
before,2025-07-16,,S104778,U57227,desktop,social,ID,4,0,0,0
before,2025-07-18,,S109321,U18676,tablet,organic,SG,5,0,0,0
during,2025-07-29,A,S205236,U66735,desktop,social,TH,4,0,0,0
during,2025-08-11,A,S204713,U88147,mobile,social,ID,3,0,0,0
during,2025-08-08,A,S204053,U2278,desktop,social,ID,3,0,0,0
before,2025-07-23,,S106905,U34872,desktop,organic,ID,4,0,0,0
during,2025-08-01,B,S202018,U36887,mobile,paid_search,MY,3,1,0,0
during,2025-08-04,A,S206382,U56287,mobile,paid_search,ID,3,1,1,339000
during,2025-08-10,A,S208302,U64102,mobile,affiliate,ID,7,0,0,0
during,2025-07-31,B,S201550,U70127,desktop,direct,ID,7,0,0,0
before,2025-07-16,,S105258,U18881,mobile,organic,ID,7,0,0,0
before,2025-07-20,,S100452,U58894,mobile,paid_search,ID,9,0,0,0
during,2025-08-10,A,S201414,U12260,desktop,organic,MY,1,0,0,0
during,2025-08-04,A,S204131,U65673,mobile,email,ID,3,0,0,0
before,2025-07-24,,S104666,U50684,desktop,social,ID,9,0,0,0
during,2025-08-06,B,S206799,U7890,desktop,email,MY,5,0,0,0
during,2025-08-08,B,S204166,U52892,tablet,email,MY,1,1,0,0
before,2025-07-21,,S106082,U82352,tablet,direct,ID,3,1,0,0
during,2025-07-29,B,S201291,U32505,desktop,paid_search,ID,5,0,0,0
during,2025-08-03,B,S206355,U55152,mobile,email,MY,1,0,0,0
during,2025-08-03,A,S209930,U85716,desktop,direct,ID,4,0,0,0
before,2025-07-17,,S104275,U10228,mobile,direct,MY,3,1,0,0
during,2025-08-11,A,S208136,U62714,desktop,direct,ID,5,0,0,0
before,2025-07-17,,S107678,U10290,mobile,email,ID,4,0,0,0
before,2025-07-28,,S104067,U16957,mobile,email,PH,5,1,0,0
during,2025-07-30,B,S201791,U74749,desktop,organic,PH,5,0,0,0
before,2025-07-21,,S108283,U53499,mobile,direct,PH,6,0,0,0
during,2025-08-01,B,S209131,U77577,desktop,organic,ID,5,0,0,0
before,2025-07-24,,S101608,U8848,mobile,organic,ID,5,0,0,0
during,2025-08-10,A,S206471,U69595,mobile,email,ID,1,0,0,0
before,2025-07-26,,S101818,U25722,mobile,social,ID,6,0,0,0
during,2025-08-06,A,S202872,U35556,mobile,email,ID,4,1,0,0
during,2025-08-03,A,S203081,U45088,mobile,paid_search,ID,4,0,0,0
before,2025-07-15,,S105453,U32740,mobile,paid_search,SG,4,1,0,0
during,2025-08-05,B,S203812,U28373,desktop,social,MY,3,0,0,0
during,2025-08-03,A,S200295,U30872,mobile,organic,ID,5,0,0,0
during,2025-08-04,B,S201913,U44289,mobile,social,PH,8,0,1,216000
during,2025-08-11,B,S200657,U42391,mobile,organic,TH,4,1,1,547000
before,2025-07-28,,S101421,U45648,desktop,organic,ID,3,0,0,0
during,2025-08-02,A,S207267,U78624,mobile,paid_search,ID,7,1,1,301000
before,2025-07-16,,S104140,U69344,mobile,paid_search,ID,5,0,0,0
during,2025-07-30,A,S201682,U18339,mobile,paid_search,ID,7,0,1,618000
during,2025-08-07,B,S207321,U16312,tablet,organic,ID,1,0,0,0
during,2025-07-29,A,S207244,U30174,mobile,paid_search,TH,3,0,0,0
during,2025-07-30,A,S202569,U70688,mobile,social,ID,6,0,0,0
before,2025-07-17,,S100158,U62954,desktop,organic,TH,4,0,0,0
during,2025-08-01,B,S209006,U31989,mobile,organic,SG,7,0,0,0
before,2025-07-23,,S108877,U52712,mobile,organic,ID,5,0,0,0
during,2025-08-02,B,S204275,U14810,mobile,email,ID,7,0,0,0
before,2025-07-16,,S104487,U23578,mobile,paid_search,ID,5,0,0,0
during,2025-08-05,B,S209499,U27458,mobile,paid_search,ID,2,0,0,0
during,2025-08-04,A,S200505,U30512,desktop,social,ID,5,0,0,0
during,2025-08-04,A,S200927,U32897,desktop,organic,MY,4,0,0,0
before,2025-07-15,,S108642,U79763,desktop,paid_search,ID,7,0,0,0
during,2025-08-08,A,S206120,U10863,mobile,direct,ID,4,0,0,0
before,2025-07-22,,S100676,U71968,mobile,organic,ID,2,1,0,0
before,2025-07-19,,S108868,U10145,mobile,organic,ID,2,0,0,0
before,2025-07-22,,S100400,U37445,mobile,email,ID,1,0,0,0
during,2025-08-10,A,S203292,U83570,desktop,organic,TH,4,0,0,0
before,2025-07-19,,S107985,U52284,mobile,organic,ID,2,0,0,0
during,2025-08-03,B,S208854,U50530,tablet,affiliate,ID,1,1,1,545000
before,2025-07-27,,S106732,U63257,tablet,paid_search,ID,4,0,0,0
during,2025-08-08,A,S200508,U62705,mobile,organic,ID,2,0,0,0
during,2025-07-29,A,S204457,U80027,desktop,paid_search,ID,3,1,0,0
during,2025-08-11,A,S209164,U44394,desktop,social,ID,5,1,0,0
before,2025-07-20,,S102934,U70002,mobile,affiliate,ID,3,1,1,204000
during,2025-07-30,A,S204946,U87030,tablet,paid_search,PH,4,0,0,0
during,2025-08-11,B,S200224,U63265,mobile,email,ID,6,0,0,0
during,2025-07-30,A,S205787,U81246,mobile,social,ID,2,0,0,0
before,2025-07-20,,S108021,U61558,desktop,paid_search,TH,1,1,0,0
during,2025-08-02,B,S205953,U22259,desktop,direct,ID,7,0,0,0
before,2025-07-23,,S103966,U63904,mobile,social,ID,4,0,0,0
before,2025-07-20,,S105782,U24401,mobile,paid_search,ID,1,0,0,0
before,2025-07-20,,S104553,U49487,mobile,social,PH,3,0,0,0
during,2025-08-08,A,S202376,U54447,mobile,paid_search,ID,3,1,0,0
during,2025-08-03,B,S200882,U8429,mobile,direct,TH,1,0,0,0
during,2025-08-10,B,S208125,U63468,mobile,direct,ID,1,0,0,0
during,2025-08-10,A,S202234,U68257,mobile,email,ID,4,1,0,0
before,2025-07-26,,S102893,U32017,mobile,social,ID,6,0,0,0
before,2025-07-21,,S106433,U63813,desktop,paid_search,ID,5,0,0,0
before,2025-07-26,,S100030,U68288,mobile,paid_search,ID,2,0,0,0
before,2025-07-25,,S109678,U86965,mobile,social,ID,6,1,1,190000
during,2025-08-03,B,S203790,U70429,desktop,direct,ID,1,1,0,0
during,2025-08-03,B,S205610,U45182,desktop,direct,ID,3,0,0,0
before,2025-07-15,,S105331,U55333,mobile,organic,ID,4,0,0,0
during,2025-08-07,B,S203541,U59247,desktop,paid_search,MY,6,0,0,0
before,2025-07-19,,S106949,U25365,mobile,paid_search,ID,3,0,0,0
before,2025-07-20,,S109806,U7094,desktop,social,ID,5,0,0,0
before,2025-07-27,,S108618,U86759,mobile,organic,SG,5,0,0,0
before,2025-07-28,,S103524,U62009,tablet,email,ID,5,0,0,0
before,2025-07-17,,S106314,U80781,mobile,direct,ID,4,0,0,0
before,2025-07-15,,S105690,U40643,mobile,organic,ID,4,0,0,0
during,2025-08-07,A,S206596,U32861,mobile,organic,ID,5,0,0,0
during,2025-08-02,B,S209951,U69861,desktop,organic,MY,5,1,0,0
during,2025-08-07,B,S200087,U58638,mobile,email,MY,2,0,0,0
during,2025-08-09,B,S207554,U42131,mobile,organic,ID,4,0,0,0
during,2025-08-05,B,S205020,U5743,desktop,organic,SG,9,1,0,0
during,2025-07-30,A,S200090,U47297,mobile,paid_search,ID,4,1,0,0
before,2025-07-23,,S103359,U51385,mobile,paid_search,ID,4,0,0,0
during,2025-07-31,A,S202038,U2796,mobile,social,ID,7,0,0,0
before,2025-07-23,,S103536,U86464,mobile,organic,ID,5,0,0,0
before,2025-07-27,,S107970,U75900,mobile,organic,ID,3,0,0,0
during,2025-08-09,A,S208044,U38914,mobile,paid_search,ID,1,0,0,0
before,2025-07-24,,S107062,U56008,desktop,organic,MY,3,0,0,0
during,2025-07-30,A,S204794,U15446,mobile,organic,ID,5,0,0,0
during,2025-08-08,B,S207959,U81065,desktop,organic,ID,5,1,0,0
during,2025-07-31,B,S203225,U82856,mobile,organic,ID,2,1,0,0
before,2025-07-24,,S105192,U71412,desktop,organic,TH,4,0,0,0
before,2025-07-16,,S108557,U60998,tablet,paid_search,MY,4,0,0,0
before,2025-07-17,,S101441,U35457,desktop,organic,PH,6,0,0,0
before,2025-07-15,,S102184,U14866,desktop,affiliate,ID,3,0,0,0
during,2025-08-04,B,S206249,U62918,desktop,organic,ID,7,0,0,0
during,2025-08-08,A,S200887,U80142,mobile,organic,ID,2,0,0,0
during,2025-08-08,A,S208551,U44615,desktop,organic,ID,9,0,0,0
during,2025-08-09,A,S204707,U23087,mobile,paid_search,ID,6,0,0,0
before,2025-07-25,,S100192,U43498,desktop,paid_search,PH,5,1,0,0
before,2025-07-19,,S102401,U39985,mobile,paid_search,ID,4,0,0,0
during,2025-07-29,B,S204623,U67783,mobile,email,TH,2,1,0,0
during,2025-08-09,A,S208127,U29877,desktop,affiliate,ID,4,0,0,0
before,2025-07-27,,S109096,U84133,desktop,organic,ID,4,0,0,0
before,2025-07-19,,S101342,U33873,desktop,paid_search,ID,4,0,0,0
during,2025-08-08,B,S200359,U73172,mobile,paid_search,ID,4,0,0,0
before,2025-07-15,,S103599,U62860,mobile,paid_search,SG,4,0,0,0
during,2025-08-02,A,S208732,U18230,desktop,paid_search,SG,8,1,0,0
during,2025-07-29,B,S205034,U64870,desktop,social,MY,2,0,0,0
during,2025-08-05,B,S206288,U46620,tablet,organic,SG,4,0,0,0
during,2025-08-11,A,S204737,U64247,mobile,organic,ID,6,0,0,0
during,2025-08-11,B,S200258,U21039,tablet,affiliate,TH,8,0,0,0
during,2025-08-02,A,S200798,U63293,mobile,paid_search,TH,3,0,0,0
before,2025-07-19,,S106232,U9539,desktop,paid_search,TH,3,0,0,0
before,2025-07-18,,S106567,U6700,mobile,social,TH,5,0,0,0
before,2025-07-18,,S106235,U54817,tablet,organic,MY,3,0,0,0
before,2025-07-19,,S101465,U43249,mobile,organic,PH,8,0,0,0
during,2025-08-05,B,S206574,U3652,mobile,paid_search,ID,5,0,0,0
before,2025-07-25,,S106217,U11845,desktop,organic,ID,3,0,0,0
during,2025-08-06,B,S209371,U63576,desktop,social,ID,5,0,0,0
before,2025-07-24,,S108014,U43348,mobile,affiliate,ID,3,0,0,0
during,2025-08-05,A,S207851,U15918,mobile,social,ID,1,0,0,0
during,2025-08-10,B,S201010,U6903,mobile,paid_search,ID,4,0,0,0
during,2025-08-04,B,S200464,U16105,tablet,social,ID,5,0,0,0
before,2025-07-16,,S108254,U51924,desktop,organic,SG,2,0,0,0
before,2025-07-15,,S101298,U36282,mobile,social,PH,4,0,1,130000
before,2025-07-27,,S103767,U33844,mobile,organic,MY,3,0,0,0
before,2025-07-24,,S105467,U9831,desktop,organic,ID,8,0,0,0
during,2025-08-09,A,S204312,U84441,desktop,organic,ID,7,0,0,0
before,2025-07-22,,S104248,U87711,mobile,organic,ID,5,0,0,0
during,2025-08-03,B,S208606,U28149,desktop,direct,ID,5,0,0,0
before,2025-07-27,,S104195,U27783,desktop,direct,ID,5,0,0,0
during,2025-08-01,B,S203823,U36119,desktop,affiliate,PH,4,1,0,0
before,2025-07-21,,S107789,U35592,mobile,direct,ID,1,0,0,0
before,2025-07-15,,S109783,U69993,desktop,email,ID,6,1,0,0
during,2025-07-29,A,S207248,U86327,mobile,social,SG,6,0,0,0
during,2025-08-11,B,S208795,U14646,desktop,organic,PH,6,0,0,0
during,2025-08-04,A,S204254,U78938,desktop,organic,MY,4,1,1,136000
during,2025-07-30,B,S204409,U48625,mobile,paid_search,ID,4,0,0,0
during,2025-08-10,B,S202365,U6645,desktop,organic,ID,8,0,0,0
before,2025-07-26,,S104581,U34593,tablet,organic,ID,3,0,0,0
before,2025-07-26,,S100410,U57321,mobile,direct,PH,3,1,0,0
before,2025-07-18,,S107334,U8883,mobile,social,ID,5,0,0,0
during,2025-08-04,B,S209062,U43787,tablet,organic,ID,4,1,0,0
during,2025-08-07,A,S209420,U4108,desktop,paid_search,ID,7,0,0,0
during,2025-07-31,B,S207405,U34860,mobile,email,ID,6,0,0,0
before,2025-07-20,,S107243,U57878,desktop,email,ID,4,0,0,0
before,2025-07-16,,S101931,U56654,desktop,email,ID,5,0,0,0
during,2025-08-06,B,S204896,U73135,desktop,organic,ID,5,0,0,0
before,2025-07-27,,S103000,U3670,mobile,organic,ID,5,0,0,0
before,2025-07-27,,S109405,U87805,desktop,organic,ID,5,0,0,0
during,2025-07-31,A,S205497,U5052,mobile,organic,ID,3,0,0,0
before,2025-07-20,,S108103,U39785,mobile,social,ID,5,0,0,0
during,2025-08-09,B,S203871,U5610,mobile,social,ID,4,0,0,0
before,2025-07-23,,S100838,U45553,tablet,social,ID,4,0,0,0
before,2025-07-15,,S104362,U8919,mobile,organic,ID,6,0,1,90000
before,2025-07-19,,S104993,U31540,mobile,social,ID,5,0,0,0
before,2025-07-26,,S106906,U30376,desktop,organic,MY,4,0,0,0
before,2025-07-28,,S103846,U48968,mobile,paid_search,ID,5,0,0,0
before,2025-07-26,,S103526,U62762,mobile,paid_search,PH,5,0,0,0
before,2025-07-22,,S104524,U31164,mobile,organic,SG,2,0,0,0
during,2025-08-03,B,S202346,U5666,mobile,paid_search,ID,1,1,0,0
during,2025-08-02,A,S201980,U72223,mobile,paid_search,ID,6,0,0,0
during,2025-08-09,B,S208970,U34253,mobile,social,ID,3,0,0,0
during,2025-08-02,B,S207540,U16533,desktop,organic,ID,1,0,0,0
before,2025-07-25,,S106863,U39698,desktop,email,ID,4,0,0,0
during,2025-07-31,B,S209925,U47891,desktop,paid_search,ID,6,0,0,0
before,2025-07-26,,S106335,U28460,mobile,organic,ID,6,0,0,0
during,2025-08-01,A,S201874,U84567,mobile,paid_search,ID,2,0,0,0
before,2025-07-26,,S104770,U65325,desktop,email,MY,6,0,0,0
during,2025-08-09,B,S207716,U15645,desktop,social,ID,6,0,0,0
during,2025-08-02,B,S200938,U50609,desktop,paid_search,ID,3,1,0,0
before,2025-07-19,,S107630,U1987,mobile,paid_search,ID,3,0,0,0
before,2025-07-27,,S102034,U58138,mobile,paid_search,ID,5,0,0,0
before,2025-07-15,,S101074,U62750,desktop,organic,ID,6,0,0,0
before,2025-07-22,,S104185,U30714,mobile,organic,ID,1,0,0,0
during,2025-08-01,B,S200589,U77485,mobile,organic,ID,3,0,0,0
during,2025-08-04,B,S202248,U29825,mobile,email,TH,6,0,0,0
before,2025-07-25,,S108195,U78593,mobile,organic,ID,7,0,0,0
before,2025-07-17,,S109415,U51588,desktop,email,TH,5,1,0,0
during,2025-08-06,B,S206323,U3559,desktop,organic,ID,5,0,0,0
before,2025-07-23,,S103317,U44870,desktop,paid_search,ID,4,0,0,0
during,2025-08-05,B,S206358,U60228,mobile,organic,ID,5,0,0,0
before,2025-07-18,,S109467,U64094,desktop,paid_search,ID,6,0,0,0
during,2025-07-29,A,S202302,U72299,mobile,paid_search,ID,3,0,0,0
before,2025-07-20,,S100781,U48258,tablet,direct,ID,4,0,0,0
during,2025-08-02,B,S201237,U64367,mobile,social,ID,1,0,0,0
during,2025-08-07,A,S206943,U22599,desktop,organic,ID,3,0,0,0
before,2025-07-28,,S103038,U69422,desktop,direct,ID,7,0,0,0
before,2025-07-21,,S108257,U88367,mobile,paid_search,ID,3,0,0,0
before,2025-07-22,,S105983,U43311,desktop,social,ID,4,1,0,0
during,2025-08-07,A,S204125,U2308,tablet,paid_search,ID,4,1,0,0
before,2025-07-23,,S104843,U31279,desktop,organic,ID,1,0,0,0
during,2025-08-05,B,S208198,U64998,desktop,direct,ID,6,0,0,0
before,2025-07-23,,S105138,U76017,desktop,organic,ID,5,0,0,0
before,2025-07-15,,S107915,U52312,mobile,organic,ID,1,1,0,0
before,2025-07-16,,S101805,U58032,mobile,direct,ID,7,0,0,0
during,2025-08-01,B,S206635,U6037,desktop,email,PH,5,0,0,0
during,2025-07-31,A,S208189,U81903,mobile,social,ID,2,0,0,0
before,2025-07-28,,S106617,U53442,mobile,paid_search,MY,1,0,0,0
during,2025-07-31,B,S207278,U71548,mobile,email,ID,4,0,0,0
before,2025-07-15,,S102764,U37427,desktop,paid_search,ID,6,0,0,0
during,2025-07-31,A,S202921,U40313,mobile,organic,ID,4,0,0,0
during,2025-07-29,B,S209226,U8176,tablet,organic,ID,6,0,0,0
during,2025-08-02,A,S206421,U34264,mobile,paid_search,TH,7,0,0,0
during,2025-08-06,A,S201924,U67532,mobile,direct,MY,4,0,0,0
during,2025-08-07,B,S201541,U9726,mobile,paid_search,MY,1,1,0,0
during,2025-08-09,B,S201084,U85732,mobile,social,ID,4,0,0,0
before,2025-07-21,,S100121,U21541,mobile,email,ID,4,1,1,194000
during,2025-08-08,A,S207530,U41156,desktop,paid_search,SG,3,0,0,0
before,2025-07-27,,S108006,U69659,mobile,organic,ID,4,0,0,0
during,2025-08-09,B,S207669,U54580,tablet,organic,ID,2,0,0,0
before,2025-07-15,,S101300,U25124,desktop,organic,ID,6,1,0,0
before,2025-07-20,,S104936,U37394,desktop,paid_search,ID,5,0,0,0
before,2025-07-18,,S100248,U61356,desktop,paid_search,ID,8,0,0,0
during,2025-07-29,B,S201695,U73255,desktop,organic,ID,2,0,0,0
before,2025-07-21,,S104680,U29490,desktop,social,ID,3,0,0,0
before,2025-07-27,,S100480,U40385,desktop,direct,ID,5,0,0,0
before,2025-07-25,,S102241,U32533,tablet,paid_search,PH,7,0,0,0
during,2025-08-08,A,S200172,U31707,mobile,social,ID,9,1,1,130000
during,2025-08-08,B,S202389,U6496,mobile,paid_search,TH,3,0,0,0
before,2025-07-28,,S108707,U20728,desktop,email,ID,7,0,0,0
during,2025-08-09,A,S208977,U27078,mobile,paid_search,ID,1,0,0,0
before,2025-07-25,,S109421,U87472,mobile,organic,ID,5,0,0,0
during,2025-08-07,A,S204675,U41334,desktop,direct,ID,8,0,0,0
before,2025-07-25,,S100300,U36891,desktop,paid_search,ID,6,0,0,0
before,2025-07-17,,S101364,U61107,desktop,direct,ID,4,0,0,0
before,2025-07-24,,S101384,U9572,mobile,organic,ID,6,0,0,0
before,2025-07-18,,S106902,U12952,mobile,email,ID,5,0,0,0
before,2025-07-24,,S108837,U53342,tablet,social,ID,2,0,0,0
before,2025-07-25,,S109615,U6027,desktop,social,ID,8,0,0,0
before,2025-07-24,,S109160,U15629,desktop,paid_search,MY,11,0,0,0
during,2025-08-10,B,S206883,U49133,desktop,affiliate,MY,7,0,0,0
before,2025-07-21,,S106585,U16389,desktop,paid_search,TH,7,0,0,0
before,2025-07-16,,S100442,U45135,desktop,direct,ID,5,0,0,0
before,2025-07-15,,S104860,U60875,mobile,social,ID,6,0,0,0
before,2025-07-19,,S103083,U63901,mobile,organic,ID,3,0,0,0
during,2025-08-08,B,S205212,U22048,mobile,organic,MY,3,0,0,0
before,2025-07-28,,S105340,U4192,desktop,paid_search,SG,5,1,0,0
before,2025-07-15,,S102259,U79287,tablet,paid_search,ID,4,0,0,0
during,2025-08-08,A,S203868,U52421,mobile,paid_search,ID,2,0,0,0
before,2025-07-17,,S106571,U83629,desktop,social,ID,7,0,0,0
before,2025-07-17,,S107934,U69165,mobile,social,ID,4,0,0,0
during,2025-08-01,A,S203957,U24414,desktop,paid_search,PH,2,0,0,0
during,2025-08-02,A,S203072,U1631,mobile,affiliate,ID,4,0,0,0
before,2025-07-21,,S102604,U37331,tablet,direct,ID,3,0,0,0
before,2025-07-19,,S108600,U80552,mobile,organic,ID,5,0,0,0
during,2025-08-02,A,S201452,U70128,desktop,social,ID,2,0,0,0
before,2025-07-16,,S102533,U21047,desktop,organic,ID,7,0,0,0
before,2025-07-21,,S100714,U16089,mobile,organic,ID,3,0,0,0
before,2025-07-23,,S104138,U46380,mobile,email,ID,9,1,0,0
before,2025-07-24,,S105100,U73969,desktop,paid_search,ID,5,0,0,0
during,2025-08-02,A,S201027,U41234,mobile,organic,ID,3,0,0,0
during,2025-08-04,B,S209624,U60782,mobile,organic,PH,1,1,1,125000
during,2025-07-31,A,S201043,U77863,desktop,organic,ID,4,0,0,0
before,2025-07-23,,S101127,U17709,desktop,affiliate,MY,2,0,0,0
during,2025-08-08,B,S204362,U24113,mobile,organic,SG,4,0,0,0
before,2025-07-27,,S103053,U30181,mobile,paid_search,ID,3,1,1,273000
during,2025-08-11,B,S208690,U43169,desktop,paid_search,ID,9,0,0,0
before,2025-07-20,,S107480,U55235,mobile,paid_search,ID,2,0,0,0
before,2025-07-22,,S100354,U60557,desktop,organic,PH,6,0,0,0
before,2025-07-28,,S103025,U84346,desktop,affiliate,ID,5,0,0,0
during,2025-08-02,B,S205515,U68817,desktop,organic,ID,4,1,0,0
during,2025-08-08,A,S202226,U78371,desktop,organic,ID,7,0,0,0
during,2025-08-07,A,S209812,U18441,mobile,organic,ID,3,0,0,0
before,2025-07-19,,S109017,U35889,mobile,direct,ID,5,0,0,0
during,2025-08-08,A,S204937,U52801,mobile,paid_search,ID,3,0,0,0
during,2025-08-11,A,S208963,U74381,mobile,direct,ID,2,0,0,0
during,2025-08-03,A,S203403,U12703,desktop,email,ID,5,0,0,0
before,2025-07-28,,S102515,U28757,tablet,paid_search,ID,3,0,0,0
before,2025-07-25,,S107365,U22143,tablet,organic,MY,3,0,0,0
before,2025-07-18,,S100728,U43578,desktop,organic,ID,2,0,0,0
during,2025-08-03,B,S209091,U79837,mobile,social,ID,1,1,0,0
before,2025-07-15,,S102246,U70778,mobile,email,ID,4,1,0,0
before,2025-07-26,,S105840,U79118,mobile,social,PH,3,0,0,0
before,2025-07-21,,S104397,U37303,mobile,social,ID,7,0,0,0
before,2025-07-26,,S101359,U17940,desktop,email,ID,3,0,0,0
before,2025-07-18,,S108009,U77067,mobile,organic,SG,3,0,0,0
during,2025-08-09,A,S200743,U33651,mobile,paid_search,ID,6,0,0,0
before,2025-07-28,,S106726,U18077,desktop,social,MY,5,1,0,0
during,2025-07-29,B,S201693,U57449,mobile,social,ID,5,0,1,798000
during,2025-08-05,B,S208662,U56742,mobile,organic,SG,5,0,0,0
before,2025-07-15,,S108892,U59920,mobile,paid_search,ID,3,0,0,0
before,2025-07-21,,S100953,U71248,mobile,organic,MY,4,0,0,0
before,2025-07-25,,S100664,U27469,desktop,affiliate,ID,5,0,0,0
before,2025-07-24,,S109313,U29602,mobile,organic,ID,3,0,0,0
before,2025-07-23,,S104490,U57387,mobile,social,ID,1,0,0,0
before,2025-07-27,,S101863,U2403,mobile,direct,TH,3,0,0,0
before,2025-07-19,,S109109,U87743,mobile,organic,ID,3,0,0,0
during,2025-08-08,B,S200514,U8796,mobile,organic,PH,4,0,0,0
during,2025-08-11,B,S209918,U58939,desktop,paid_search,ID,5,1,0,0
during,2025-08-06,A,S202218,U73126,desktop,paid_search,ID,7,0,0,0
before,2025-07-16,,S109546,U71207,mobile,direct,ID,6,0,0,0
before,2025-07-19,,S100729,U75991,mobile,organic,ID,4,0,0,0
during,2025-08-02,B,S208032,U46131,mobile,paid_search,ID,2,0,0,0
during,2025-08-11,A,S200555,U70000,mobile,paid_search,MY,3,0,0,0
before,2025-07-18,,S100522,U43748,mobile,direct,ID,7,0,0,0
during,2025-08-11,A,S209411,U28620,mobile,affiliate,ID,7,0,0,0
during,2025-08-05,A,S209558,U21103,mobile,paid_search,ID,8,0,0,0
before,2025-07-23,,S101123,U17956,mobile,paid_search,ID,3,1,0,0
during,2025-08-06,A,S205873,U81305,mobile,organic,ID,2,0,0,0
before,2025-07-18,,S102373,U78066,mobile,social,ID,2,0,0,0
before,2025-07-21,,S102549,U12179,mobile,direct,ID,4,0,0,0
during,2025-08-10,B,S200741,U83316,mobile,organic,ID,6,0,0,0
during,2025-08-11,B,S203024,U8491,desktop,paid_search,MY,6,0,0,0
during,2025-07-31,B,S202646,U37947,mobile,social,ID,6,0,0,0
before,2025-07-20,,S102900,U30377,desktop,paid_search,ID,2,1,0,0
before,2025-07-17,,S104456,U15235,mobile,organic,ID,2,0,0,0
before,2025-07-25,,S103339,U85216,desktop,organic,ID,5,0,0,0
before,2025-07-27,,S103446,U61839,mobile,paid_search,MY,1,1,1,512000
during,2025-08-04,B,S209820,U52860,desktop,organic,TH,7,0,0,0
before,2025-07-22,,S100123,U27028,desktop,email,ID,5,0,0,0
before,2025-07-20,,S108129,U47861,tablet,organic,ID,2,0,0,0
during,2025-07-31,A,S207190,U45876,tablet,direct,ID,5,1,0,0
before,2025-07-17,,S100075,U81818,desktop,paid_search,ID,7,0,0,0
before,2025-07-17,,S100324,U47531,mobile,paid_search,ID,3,0,0,0
before,2025-07-27,,S102798,U39562,mobile,organic,ID,7,0,0,0
before,2025-07-25,,S105826,U21600,mobile,direct,ID,8,0,0,0
before,2025-07-20,,S100032,U2849,mobile,email,ID,3,0,0,0
during,2025-08-05,A,S203251,U12680,mobile,direct,ID,1,0,0,0
during,2025-08-10,B,S208126,U69747,mobile,email,ID,1,0,1,141000
during,2025-08-09,A,S205840,U85870,mobile,paid_search,ID,5,0,0,0
during,2025-08-10,B,S202477,U59253,mobile,organic,PH,7,0,0,0
before,2025-07-20,,S102291,U82371,mobile,organic,ID,3,0,0,0
before,2025-07-17,,S100959,U86929,desktop,social,ID,5,0,0,0
before,2025-07-18,,S102468,U58730,desktop,email,ID,2,0,0,0
during,2025-08-09,B,S200672,U20870,mobile,organic,TH,4,1,1,356000
before,2025-07-20,,S107643,U14246,desktop,organic,ID,4,0,0,0
before,2025-07-25,,S100220,U87296,desktop,organic,PH,9,0,0,0
before,2025-07-18,,S103054,U20996,tablet,social,TH,4,0,0,0
before,2025-07-18,,S100779,U13178,desktop,paid_search,ID,3,0,0,0
before,2025-07-15,,S109640,U87678,desktop,email,ID,5,1,0,0
before,2025-07-15,,S103553,U84203,mobile,organic,TH,5,0,0,0
during,2025-08-09,B,S206584,U42591,mobile,organic,ID,4,0,0,0
during,2025-08-08,B,S207379,U85744,mobile,organic,ID,5,1,1,562000
before,2025-07-18,,S106098,U13661,mobile,social,ID,1,1,0,0
before,2025-07-22,,S109855,U21917,mobile,organic,ID,5,0,0,0
before,2025-07-16,,S100976,U31815,desktop,email,PH,1,0,0,0
during,2025-08-06,A,S205849,U76130,desktop,email,TH,6,0,0,0
before,2025-07-17,,S102987,U46468,desktop,paid_search,ID,6,1,0,0
before,2025-07-27,,S105634,U84446,mobile,paid_search,ID,3,0,0,0
before,2025-07-20,,S100909,U18438,tablet,direct,ID,4,0,0,0
during,2025-08-08,A,S209552,U6547,mobile,email,ID,4,0,0,0
during,2025-08-11,A,S202606,U52229,mobile,paid_search,ID,3,0,0,0
before,2025-07-26,,S100962,U18358,mobile,direct,SG,5,0,0,0
before,2025-07-28,,S106721,U69623,mobile,social,ID,4,0,0,0
during,2025-08-08,B,S207318,U89544,mobile,organic,ID,6,0,0,0
during,2025-08-10,A,S203252,U24447,desktop,paid_search,MY,7,1,1,652000
during,2025-08-04,B,S208844,U40452,mobile,paid_search,PH,3,0,0,0
before,2025-07-20,,S106132,U6967,mobile,email,TH,7,0,0,0
before,2025-07-27,,S107919,U22007,mobile,direct,ID,2,1,0,0
before,2025-07-24,,S107626,U64123,mobile,organic,ID,4,0,0,0
before,2025-07-18,,S103643,U35386,desktop,social,ID,4,0,0,0
before,2025-07-18,,S101076,U63672,desktop,paid_search,ID,4,0,0,0
during,2025-07-29,A,S208391,U83962,mobile,organic,ID,5,0,0,0
during,2025-08-03,B,S203884,U5055,tablet,paid_search,MY,6,0,0,0
during,2025-08-01,B,S203256,U49189,tablet,paid_search,ID,4,0,0,0
before,2025-07-26,,S107664,U25892,tablet,direct,ID,6,0,0,0
during,2025-08-07,B,S203910,U55488,mobile,email,TH,1,1,0,0
before,2025-07-26,,S100101,U32416,mobile,paid_search,ID,6,0,0,0
before,2025-07-19,,S105871,U35678,tablet,paid_search,ID,5,0,0,0
during,2025-08-03,A,S202068,U14420,desktop,direct,ID,6,0,0,0
during,2025-08-06,A,S205027,U79203,desktop,email,ID,3,0,0,0
during,2025-08-02,B,S209154,U85004,mobile,paid_search,ID,4,0,0,0
before,2025-07-19,,S103181,U70050,desktop,social,ID,9,0,0,0
during,2025-08-08,A,S204878,U29603,mobile,organic,ID,1,0,0,0
during,2025-07-30,A,S204175,U11052,mobile,paid_search,ID,2,0,0,0
during,2025-08-11,A,S203038,U15990,desktop,organic,ID,4,0,0,0
before,2025-07-28,,S100367,U51568,desktop,organic,TH,1,0,0,0
before,2025-07-27,,S107322,U63398,tablet,organic,TH,2,0,0,0
during,2025-08-08,B,S209580,U67402,mobile,direct,ID,4,1,0,0
before,2025-07-23,,S107627,U26176,mobile,organic,ID,2,0,0,0
before,2025-07-28,,S108525,U53237,mobile,organic,ID,6,0,1,512000
before,2025-07-26,,S107498,U88388,mobile,organic,ID,4,0,0,0
before,2025-07-18,,S105620,U61531,tablet,organic,SG,3,0,0,0
before,2025-07-21,,S106279,U56735,mobile,social,ID,7,0,0,0
during,2025-07-30,B,S209559,U85409,desktop,organic,PH,5,0,0,0
during,2025-08-09,A,S205195,U83620,mobile,organic,PH,4,0,0,0
before,2025-07-21,,S100053,U67844,tablet,organic,ID,6,0,0,0
before,2025-07-28,,S100419,U43616,tablet,email,ID,1,0,0,0
before,2025-07-24,,S105052,U50757,mobile,organic,ID,5,0,0,0
during,2025-08-06,A,S205311,U14731,desktop,social,TH,6,0,0,0
before,2025-07-18,,S105459,U49365,mobile,paid_search,ID,7,0,0,0
before,2025-07-27,,S106041,U1908,desktop,direct,ID,4,0,0,0
during,2025-07-30,B,S208594,U89178,mobile,direct,ID,2,1,0,0
before,2025-07-24,,S105359,U58801,mobile,paid_search,ID,2,0,0,0
during,2025-08-11,A,S206295,U32302,desktop,organic,ID,6,0,0,0
before,2025-07-22,,S109500,U61820,desktop,organic,ID,2,0,0,0
before,2025-07-21,,S102612,U85193,desktop,direct,MY,5,0,0,0
during,2025-08-04,A,S201850,U24183,mobile,affiliate,PH,5,0,0,0
during,2025-07-30,B,S201044,U26341,desktop,paid_search,ID,6,0,0,0
during,2025-08-11,A,S205156,U10522,mobile,direct,PH,2,0,0,0
before,2025-07-17,,S109583,U84866,desktop,direct,ID,4,0,0,0
during,2025-08-03,B,S208852,U31698,mobile,paid_search,ID,5,1,0,0
during,2025-07-31,A,S200661,U27194,mobile,email,TH,5,1,0,0
during,2025-08-07,A,S202549,U60361,mobile,organic,ID,3,0,0,0
before,2025-07-26,,S109426,U60618,tablet,organic,SG,4,0,0,0
during,2025-08-11,A,S202497,U80076,desktop,email,ID,5,0,0,0
before,2025-07-27,,S109972,U3669,mobile,social,MY,4,0,0,0
before,2025-07-21,,S101424,U26761,desktop,social,PH,7,0,0,0
during,2025-07-30,A,S201639,U1601,mobile,social,ID,7,0,0,0
before,2025-07-16,,S107257,U50349,mobile,paid_search,ID,4,0,0,0
before,2025-07-23,,S106939,U4902,mobile,organic,ID,1,0,0,0
before,2025-07-23,,S103694,U70374,tablet,social,ID,9,0,0,0
before,2025-07-23,,S105226,U24940,mobile,organic,PH,6,0,0,0
during,2025-08-07,A,S208702,U19707,mobile,paid_search,ID,2,0,0,0
before,2025-07-22,,S108604,U82257,tablet,organic,ID,1,0,0,0
during,2025-08-06,B,S206368,U84182,tablet,paid_search,ID,5,0,0,0
during,2025-08-05,B,S209651,U16452,mobile,paid_search,ID,3,0,0,0
during,2025-08-02,A,S200517,U44477,mobile,social,ID,6,0,0,0
before,2025-07-15,,S109772,U2908,mobile,direct,ID,5,0,0,0
before,2025-07-25,,S102039,U81857,mobile,affiliate,ID,5,1,0,0
during,2025-08-11,B,S205517,U59804,desktop,social,ID,9,0,0,0
before,2025-07-25,,S107897,U29410,desktop,organic,SG,3,1,0,0
during,2025-08-06,B,S204311,U1633,desktop,social,TH,5,0,0,0
before,2025-07-28,,S101928,U80431,mobile,organic,PH,5,0,0,0
during,2025-08-05,B,S204419,U21414,mobile,paid_search,SG,3,1,0,0
before,2025-07-18,,S106065,U14107,mobile,social,ID,2,0,0,0
before,2025-07-24,,S106853,U58788,desktop,organic,ID,6,0,0,0
before,2025-07-23,,S103443,U65377,mobile,paid_search,SG,3,0,0,0
before,2025-07-22,,S101070,U28412,mobile,organic,SG,3,0,0,0
during,2025-08-02,B,S206519,U87934,mobile,social,SG,1,0,0,0
before,2025-07-17,,S104038,U6674,tablet,paid_search,ID,7,1,0,0
before,2025-07-19,,S105628,U11857,tablet,paid_search,ID,2,0,0,0
during,2025-08-08,A,S205028,U16028,desktop,social,ID,6,1,0,0
before,2025-07-19,,S100563,U14335,desktop,organic,ID,2,1,0,0
before,2025-07-20,,S103860,U76179,desktop,organic,SG,4,1,0,0
during,2025-08-09,A,S204631,U57442,desktop,affiliate,ID,2,0,0,0
during,2025-08-08,A,S200904,U8112,mobile,organic,ID,3,0,0,0
during,2025-08-07,B,S207333,U87577,mobile,organic,ID,8,0,0,0
before,2025-07-18,,S104395,U10394,mobile,email,ID,4,0,0,0
during,2025-08-01,A,S204762,U14243,mobile,email,ID,3,1,0,0
during,2025-08-10,A,S201020,U73624,mobile,direct,ID,7,0,0,0
before,2025-07-23,,S106071,U86751,mobile,organic,SG,3,0,0,0
before,2025-07-28,,S101247,U73227,mobile,organic,ID,6,0,0,0
before,2025-07-24,,S101439,U47926,desktop,direct,ID,3,0,0,0
during,2025-08-03,A,S205174,U66165,desktop,social,TH,2,0,0,0
before,2025-07-20,,S107158,U74563,tablet,email,ID,3,0,0,0
before,2025-07-21,,S109714,U70074,mobile,organic,TH,6,0,0,0
during,2025-07-30,B,S206362,U56919,mobile,social,ID,6,0,0,0
during,2025-08-10,A,S208802,U61313,desktop,organic,ID,10,1,0,0
before,2025-07-19,,S100571,U58480,desktop,social,ID,2,0,0,0
during,2025-08-10,B,S203345,U70809,mobile,organic,ID,2,0,0,0
during,2025-08-05,B,S203474,U71814,mobile,organic,SG,3,0,0,0
during,2025-08-08,B,S206491,U86930,mobile,paid_search,MY,2,0,0,0
before,2025-07-18,,S101352,U17493,mobile,organic,ID,1,0,0,0
during,2025-08-01,B,S202610,U43722,mobile,direct,ID,3,0,0,0
before,2025-07-26,,S107298,U19782,tablet,paid_search,ID,6,1,0,0
before,2025-07-19,,S101201,U26570,mobile,paid_search,ID,3,0,0,0
during,2025-07-30,A,S204804,U31527,desktop,social,ID,5,0,0,0
before,2025-07-26,,S102756,U32153,mobile,organic,PH,4,1,0,0
before,2025-07-22,,S101175,U83999,desktop,social,ID,7,0,0,0
before,2025-07-26,,S100263,U36983,mobile,social,ID,6,1,0,0
before,2025-07-21,,S109914,U52330,mobile,email,ID,1,1,0,0
before,2025-07-21,,S106028,U75935,desktop,email,ID,5,0,0,0
during,2025-08-06,B,S204874,U44485,desktop,organic,PH,5,1,0,0
before,2025-07-16,,S104369,U9176,desktop,paid_search,ID,6,1,0,0
during,2025-07-29,A,S201844,U2463,desktop,organic,ID,2,1,1,229000
during,2025-08-07,B,S209744,U54382,mobile,paid_search,ID,4,1,0,0
before,2025-07-18,,S109049,U59188,mobile,social,PH,1,0,0,0
during,2025-07-29,B,S205424,U11267,desktop,email,ID,5,1,0,0
during,2025-08-11,B,S200535,U42077,desktop,email,ID,4,0,0,0
before,2025-07-26,,S102111,U63537,tablet,email,MY,3,0,0,0
during,2025-08-08,B,S201777,U17192,desktop,paid_search,ID,5,1,0,0
during,2025-08-11,A,S206114,U67082,desktop,organic,ID,4,0,0,0
before,2025-07-21,,S103629,U22213,mobile,organic,ID,2,1,0,0
during,2025-08-10,A,S207208,U56078,desktop,direct,ID,5,1,0,0
before,2025-07-18,,S107052,U10859,mobile,social,MY,5,0,0,0
before,2025-07-18,,S103758,U56261,tablet,organic,ID,3,0,0,0
during,2025-08-05,B,S206213,U81274,mobile,organic,PH,5,1,1,252000
before,2025-07-16,,S109795,U9933,desktop,organic,ID,6,0,0,0
during,2025-08-04,B,S203944,U33424,desktop,social,ID,5,0,0,0
before,2025-07-18,,S107084,U53182,desktop,email,ID,7,0,0,0
before,2025-07-19,,S101356,U39452,desktop,paid_search,SG,4,0,0,0
during,2025-08-05,B,S206444,U82553,tablet,organic,ID,3,0,0,0
before,2025-07-28,,S102896,U30991,desktop,social,ID,4,0,0,0
before,2025-07-19,,S103493,U29555,mobile,paid_search,ID,6,1,0,0
during,2025-08-06,A,S201318,U55081,mobile,organic,ID,8,0,0,0
during,2025-08-07,B,S204392,U12664,mobile,direct,ID,3,0,0,0
during,2025-08-05,B,S202985,U29814,mobile,direct,ID,5,0,0,0
during,2025-07-29,B,S209496,U16189,mobile,social,ID,9,0,0,0
before,2025-07-19,,S103799,U67320,tablet,organic,PH,6,0,0,0
before,2025-07-24,,S104976,U84666,mobile,social,ID,2,0,0,0
before,2025-07-18,,S103647,U32589,mobile,paid_search,ID,4,0,0,0
before,2025-07-25,,S104078,U39311,desktop,email,ID,8,1,0,0
during,2025-07-30,B,S205616,U78314,tablet,direct,PH,5,0,0,0
before,2025-07-21,,S107440,U81946,desktop,organic,ID,7,0,0,0
during,2025-08-09,A,S202153,U42525,desktop,email,TH,6,0,0,0
during,2025-08-10,B,S202325,U23402,mobile,social,ID,7,0,0,0
before,2025-07-24,,S100446,U58851,mobile,paid_search,ID,5,0,0,0
during,2025-08-04,B,S204367,U14455,desktop,email,ID,1,0,0,0
during,2025-08-03,A,S209204,U44337,desktop,paid_search,ID,7,0,0,0
before,2025-07-19,,S105741,U69860,desktop,social,ID,6,0,0,0
before,2025-07-15,,S102477,U39546,mobile,paid_search,ID,2,0,0,0
during,2025-08-09,B,S201012,U79179,desktop,social,ID,6,0,0,0
during,2025-07-31,B,S202632,U45639,desktop,direct,ID,3,0,0,0
before,2025-07-19,,S100066,U21655,tablet,email,PH,6,0,0,0
before,2025-07-20,,S109643,U66911,mobile,email,SG,4,0,0,0
during,2025-08-08,B,S208124,U2034,mobile,paid_search,ID,2,0,0,0
during,2025-08-01,A,S201122,U38560,mobile,affiliate,ID,8,0,0,0
before,2025-07-15,,S100814,U2831,mobile,direct,ID,5,0,0,0
during,2025-08-09,A,S209205,U52758,mobile,affiliate,ID,2,0,0,0
before,2025-07-17,,S105070,U58732,desktop,organic,ID,5,0,0,0
before,2025-07-15,,S104346,U10649,mobile,social,TH,7,0,0,0
before,2025-07-21,,S100215,U10479,desktop,organic,TH,6,0,1,299000
during,2025-08-09,B,S201718,U83511,mobile,social,ID,5,0,0,0
during,2025-08-08,A,S202629,U67979,tablet,paid_search,TH,4,0,0,0
before,2025-07-27,,S109053,U84514,mobile,social,TH,4,0,0,0
during,2025-08-03,A,S206376,U23532,tablet,email,ID,2,0,0,0
before,2025-07-15,,S101676,U51621,mobile,email,ID,6,0,0,0
during,2025-08-10,A,S203011,U59786,mobile,organic,ID,6,1,0,0
during,2025-08-03,B,S206367,U73332,desktop,paid_search,MY,6,0,0,0
during,2025-07-31,B,S209136,U74034,mobile,direct,ID,1,0,0,0
during,2025-08-10,B,S203777,U35187,desktop,organic,MY,5,0,0,0
during,2025-07-31,B,S207899,U22794,desktop,social,PH,5,0,0,0
before,2025-07-25,,S108056,U28326,desktop,paid_search,ID,2,0,0,0
before,2025-07-18,,S100048,U47691,mobile,paid_search,ID,2,0,0,0
during,2025-08-06,A,S203617,U51112,desktop,paid_search,ID,4,0,0,0
during,2025-08-09,A,S202529,U23453,mobile,paid_search,TH,5,1,0,0
during,2025-08-05,A,S205054,U80228,mobile,social,ID,5,0,0,0
during,2025-08-04,A,S203531,U7718,mobile,social,SG,4,0,0,0
before,2025-07-15,,S105343,U11402,mobile,social,ID,8,0,0,0
during,2025-08-05,B,S206895,U73768,mobile,organic,MY,5,0,0,0
before,2025-07-15,,S101007,U85981,tablet,paid_search,ID,5,0,0,0
before,2025-07-20,,S109398,U22506,mobile,organic,ID,1,0,0,0
during,2025-08-09,B,S208424,U36294,desktop,organic,SG,2,0,0,0
before,2025-07-25,,S104800,U67202,desktop,direct,TH,8,0,0,0
before,2025-07-17,,S109659,U12628,desktop,social,ID,8,0,0,0
before,2025-07-25,,S101971,U24396,tablet,social,TH,4,0,0,0
during,2025-08-11,B,S203636,U59599,desktop,organic,TH,3,0,0,0
during,2025-08-06,A,S200066,U40930,mobile,organic,ID,2,0,0,0
before,2025-07-28,,S100044,U74169,desktop,organic,ID,5,0,0,0
before,2025-07-18,,S102091,U51893,tablet,paid_search,ID,1,0,0,0
before,2025-07-21,,S109630,U34978,mobile,paid_search,ID,3,0,0,0
during,2025-07-31,A,S205197,U77320,mobile,paid_search,ID,5,0,0,0
before,2025-07-20,,S107436,U4685,mobile,paid_search,TH,1,1,0,0
during,2025-08-11,A,S203676,U50493,desktop,paid_search,TH,10,1,0,0
during,2025-08-04,A,S204259,U83980,mobile,paid_search,PH,7,0,0,0
before,2025-07-25,,S105512,U80397,mobile,organic,ID,2,0,0,0
before,2025-07-19,,S106432,U47281,desktop,organic,ID,3,0,0,0
before,2025-07-26,,S105152,U26838,desktop,organic,TH,4,0,0,0
during,2025-08-04,B,S203487,U48913,mobile,social,ID,1,0,0,0
during,2025-08-03,A,S207262,U5042,desktop,organic,ID,6,0,1,231000
before,2025-07-25,,S103716,U79616,mobile,email,MY,5,0,0,0
before,2025-07-23,,S109148,U13835,mobile,social,ID,4,0,0,0
during,2025-08-03,A,S201703,U19878,mobile,organic,TH,6,0,0,0
during,2025-08-08,A,S204759,U17982,mobile,direct,ID,5,0,0,0
before,2025-07-22,,S109660,U43032,mobile,paid_search,PH,5,0,0,0
during,2025-07-31,A,S203182,U40725,tablet,direct,ID,8,0,0,0
during,2025-07-30,B,S206598,U36275,mobile,paid_search,ID,1,0,0,0
during,2025-07-30,A,S209194,U72496,tablet,paid_search,MY,8,0,0,0
before,2025-07-24,,S105625,U45783,mobile,paid_search,ID,3,1,0,0
before,2025-07-20,,S101632,U41612,mobile,social,ID,4,0,0,0
during,2025-08-02,A,S204647,U23027,mobile,organic,ID,6,0,0,0
before,2025-07-22,,S102026,U88228,mobile,direct,ID,5,0,0,0
before,2025-07-22,,S101767,U3810,mobile,paid_search,PH,9,1,0,0
during,2025-07-31,A,S200183,U30218,tablet,direct,ID,2,0,0,0
during,2025-08-04,A,S207742,U85040,tablet,email,MY,2,1,0,0
during,2025-07-29,A,S203271,U75665,mobile,email,MY,4,0,0,0
during,2025-08-04,B,S202486,U79522,desktop,paid_search,TH,8,0,0,0
before,2025-07-25,,S101695,U19205,desktop,paid_search,ID,6,0,0,0
before,2025-07-27,,S103370,U88840,mobile,organic,ID,4,0,0,0
during,2025-08-03,A,S207934,U88390,desktop,organic,ID,5,1,0,0
before,2025-07-16,,S109796,U69207,desktop,social,ID,4,0,0,0
during,2025-07-29,A,S202058,U37817,desktop,organic,SG,5,1,0,0
during,2025-08-02,B,S204136,U82704,mobile,paid_search,ID,1,0,0,0
before,2025-07-15,,S107245,U59582,mobile,organic,PH,5,0,1,196000
before,2025-07-17,,S105595,U16330,mobile,social,ID,6,0,0,0
during,2025-07-29,B,S205462,U13001,mobile,email,ID,3,0,0,0
before,2025-07-28,,S100581,U79422,mobile,paid_search,ID,5,0,0,0
before,2025-07-26,,S101765,U47246,desktop,paid_search,ID,4,0,0,0
before,2025-07-28,,S105846,U3682,mobile,organic,PH,3,1,1,410000
before,2025-07-27,,S108202,U6054,mobile,affiliate,TH,2,0,0,0
during,2025-08-09,A,S206318,U86811,mobile,social,MY,4,0,0,0
during,2025-07-29,A,S208008,U31666,mobile,organic,ID,7,1,0,0
before,2025-07-16,,S106545,U46810,mobile,organic,ID,6,0,0,0
during,2025-08-06,A,S206695,U89072,mobile,email,ID,4,0,0,0
before,2025-07-20,,S108146,U81221,desktop,affiliate,ID,3,0,0,0
during,2025-07-30,B,S205037,U13790,mobile,paid_search,SG,4,0,0,0
during,2025-07-30,B,S207514,U34561,desktop,organic,TH,6,0,0,0
during,2025-07-29,B,S201740,U85299,desktop,organic,PH,8,0,0,0
before,2025-07-19,,S109813,U6943,mobile,email,ID,4,0,1,443000
before,2025-07-21,,S109965,U58429,desktop,organic,ID,4,0,0,0
during,2025-08-11,A,S201770,U85931,mobile,paid_search,ID,1,0,0,0
during,2025-08-06,B,S203094,U82461,desktop,direct,ID,6,0,0,0
before,2025-07-19,,S103927,U72326,mobile,organic,ID,4,0,0,0
before,2025-07-22,,S103687,U13771,mobile,social,SG,1,1,0,0
during,2025-08-07,A,S203608,U30876,mobile,paid_search,ID,1,0,0,0
before,2025-07-18,,S103880,U23072,desktop,organic,MY,8,0,0,0
before,2025-07-17,,S104137,U80810,mobile,organic,PH,6,0,0,0
during,2025-08-09,B,S206232,U18497,tablet,organic,PH,5,0,0,0
before,2025-07-20,,S100084,U50692,desktop,paid_search,ID,5,0,0,0
during,2025-08-08,A,S206629,U22975,mobile,paid_search,SG,5,0,0,0
during,2025-07-31,A,S206067,U9300,mobile,paid_search,SG,7,0,0,0
during,2025-08-06,A,S201944,U37587,mobile,email,TH,4,0,0,0
during,2025-08-06,A,S203800,U23566,desktop,social,ID,3,0,0,0
before,2025-07-26,,S100712,U10677,desktop,paid_search,TH,1,0,0,0
during,2025-08-05,A,S200002,U18072,mobile,organic,ID,3,0,0,0
before,2025-07-22,,S103561,U44225,mobile,affiliate,ID,1,1,1,215000
during,2025-08-03,B,S205484,U86040,desktop,organic,ID,4,0,0,0
before,2025-07-19,,S100897,U47219,mobile,organic,ID,4,0,0,0
during,2025-08-02,A,S202694,U9725,mobile,organic,ID,6,0,0,0
during,2025-08-03,A,S200516,U37535,mobile,paid_search,TH,6,0,0,0
before,2025-07-21,,S101917,U87457,mobile,social,ID,6,0,0,0
before,2025-07-19,,S106422,U82049,mobile,organic,ID,3,0,0,0
before,2025-07-16,,S107165,U53044,mobile,social,ID,2,0,0,0
during,2025-08-05,A,S206547,U55328,mobile,organic,MY,6,1,0,0
during,2025-08-01,A,S209153,U26736,desktop,organic,ID,6,0,0,0
before,2025-07-21,,S101943,U87713,mobile,organic,ID,8,0,0,0
during,2025-08-04,B,S202470,U87052,mobile,organic,MY,5,0,0,0
before,2025-07-26,,S102351,U79947,desktop,paid_search,TH,3,0,0,0
during,2025-08-07,B,S206148,U63802,mobile,paid_search,ID,9,0,0,0
during,2025-08-06,A,S207632,U5483,mobile,email,TH,5,0,0,0
before,2025-07-22,,S106553,U18974,desktop,affiliate,TH,8,0,0,0
before,2025-07-25,,S104265,U10617,desktop,direct,ID,12,0,0,0
during,2025-08-05,A,S200008,U4103,desktop,paid_search,ID,4,0,0,0
before,2025-07-23,,S106038,U6302,mobile,affiliate,PH,5,0,0,0
before,2025-07-22,,S100080,U47202,desktop,paid_search,TH,2,1,1,681000
during,2025-08-03,A,S202723,U59901,mobile,paid_search,TH,3,0,0,0
during,2025-08-07,A,S203789,U3520,tablet,social,ID,3,0,1,325000
during,2025-08-11,B,S207062,U74349,desktop,organic,ID,5,0,0,0
during,2025-08-08,A,S201136,U1695,mobile,paid_search,ID,7,1,0,0
before,2025-07-17,,S106570,U46291,desktop,paid_search,MY,3,0,0,0
during,2025-08-11,B,S203460,U15269,desktop,organic,ID,3,0,0,0
during,2025-08-11,A,S206700,U68425,desktop,organic,ID,5,0,0,0
during,2025-08-02,A,S208345,U87682,desktop,paid_search,ID,3,0,0,0
before,2025-07-19,,S100930,U50961,mobile,paid_search,ID,4,0,1,366000
during,2025-08-01,B,S200545,U18728,desktop,affiliate,ID,5,0,0,0
before,2025-07-19,,S101996,U56833,mobile,paid_search,ID,3,1,1,282000
before,2025-07-23,,S108688,U17139,desktop,organic,ID,3,0,0,0
during,2025-08-05,A,S207992,U7852,desktop,organic,ID,1,1,0,0
before,2025-07-23,,S106088,U64924,desktop,organic,MY,7,0,0,0
before,2025-07-28,,S104900,U1528,mobile,social,ID,4,1,0,0
before,2025-07-23,,S108677,U83597,mobile,organic,ID,5,1,0,0
before,2025-07-28,,S100640,U28472,mobile,affiliate,ID,3,0,0,0
before,2025-07-23,,S101406,U85360,mobile,organic,ID,5,0,0,0
before,2025-07-18,,S102367,U13500,desktop,paid_search,ID,8,0,0,0
during,2025-08-03,A,S203978,U12839,mobile,email,ID,3,0,0,0
during,2025-07-29,A,S206492,U10894,mobile,paid_search,ID,5,1,1,226000
before,2025-07-26,,S107244,U46206,mobile,organic,ID,6,0,0,0
during,2025-08-07,A,S206206,U80561,mobile,organic,ID,6,0,0,0
during,2025-08-05,A,S209213,U43942,tablet,paid_search,ID,6,0,0,0
during,2025-07-30,B,S209071,U85854,desktop,organic,ID,4,0,0,0
before,2025-07-25,,S103441,U43875,desktop,organic,ID,6,0,0,0
during,2025-07-30,B,S201341,U79120,tablet,social,ID,6,0,0,0
before,2025-07-23,,S109027,U2607,tablet,organic,ID,5,1,0,0
during,2025-08-01,A,S207516,U54454,desktop,paid_search,ID,6,0,0,0
during,2025-08-11,A,S201029,U50918,mobile,organic,ID,5,1,0,0
during,2025-08-11,B,S202535,U81890,tablet,organic,PH,1,1,0,0
before,2025-07-16,,S109561,U86483,desktop,organic,TH,7,0,0,0
before,2025-07-22,,S102180,U76312,tablet,direct,ID,4,0,0,0
during,2025-07-30,B,S208987,U19694,tablet,direct,ID,2,0,0,0
during,2025-07-30,B,S200110,U2981,tablet,direct,MY,2,0,0,0
during,2025-08-11,B,S203151,U19830,mobile,paid_search,ID,2,0,0,0
before,2025-07-20,,S109450,U88208,desktop,direct,ID,5,0,0,0
during,2025-08-06,A,S202154,U74693,desktop,organic,ID,7,0,0,0
before,2025-07-24,,S101785,U16659,mobile,paid_search,PH,6,0,0,0
during,2025-08-09,B,S204450,U1655,desktop,organic,ID,6,1,0,0
during,2025-08-01,A,S203428,U12917,desktop,organic,ID,5,0,0,0
during,2025-07-30,A,S205115,U21848,desktop,paid_search,ID,6,0,0,0
before,2025-07-26,,S103962,U61077,mobile,organic,MY,4,0,0,0
during,2025-07-29,B,S207133,U53138,mobile,organic,PH,1,0,0,0
before,2025-07-27,,S107666,U60225,mobile,paid_search,TH,4,0,0,0
before,2025-07-28,,S108863,U88007,mobile,organic,ID,5,0,0,0
during,2025-08-07,A,S200313,U75719,mobile,affiliate,ID,5,0,0,0
during,2025-07-29,B,S200233,U54562,mobile,direct,ID,4,0,0,0
during,2025-08-03,A,S201169,U32020,desktop,paid_search,ID,4,0,0,0
during,2025-08-11,B,S202182,U70437,desktop,paid_search,ID,8,0,0,0
before,2025-07-28,,S101274,U12586,mobile,organic,ID,5,0,0,0
before,2025-07-24,,S108337,U44724,mobile,organic,TH,3,0,0,0
during,2025-08-05,A,S203056,U28195,mobile,direct,TH,8,0,0,0
during,2025-07-31,B,S206782,U33162,desktop,organic,ID,5,1,0,0
before,2025-07-27,,S107756,U67087,mobile,social,MY,8,0,0,0
before,2025-07-22,,S104693,U28920,mobile,email,SG,7,0,0,0
before,2025-07-23,,S104756,U26362,mobile,social,ID,1,0,0,0
before,2025-07-20,,S109679,U32415,mobile,paid_search,PH,5,0,0,0
before,2025-07-20,,S108786,U34087,mobile,organic,MY,4,0,0,0
during,2025-07-29,A,S204089,U3639,mobile,paid_search,ID,1,0,0,0
during,2025-08-02,A,S205624,U74641,desktop,social,ID,10,0,0,0
before,2025-07-27,,S100880,U79177,desktop,organic,ID,6,0,0,0
during,2025-08-01,A,S206415,U25005,tablet,organic,ID,2,0,0,0
before,2025-07-24,,S101114,U28563,mobile,organic,ID,1,0,0,0
during,2025-08-11,A,S203485,U55724,mobile,paid_search,ID,1,0,0,0
before,2025-07-20,,S109588,U69896,desktop,paid_search,TH,1,0,0,0
before,2025-07-20,,S100088,U61752,desktop,direct,SG,7,0,0,0
during,2025-08-01,B,S206158,U53748,mobile,organic,PH,5,0,1,220000
before,2025-07-16,,S105558,U3631,desktop,email,ID,1,0,0,0
before,2025-07-24,,S100759,U39346,mobile,organic,ID,5,0,0,0
before,2025-07-20,,S107870,U37660,tablet,social,TH,8,0,0,0
during,2025-08-09,A,S205045,U36434,mobile,direct,TH,6,1,0,0
during,2025-07-30,B,S201741,U58816,desktop,social,MY,6,0,0,0
during,2025-08-08,A,S206340,U22155,tablet,paid_search,SG,3,1,0,0
during,2025-08-08,A,S203535,U83762,desktop,paid_search,ID,5,0,0,0
before,2025-07-23,,S101934,U59601,mobile,organic,MY,8,0,0,0
before,2025-07-26,,S106245,U52798,mobile,email,ID,8,0,0,0
before,2025-07-17,,S102450,U70110,desktop,organic,MY,5,0,0,0
before,2025-07-23,,S102672,U59382,mobile,organic,MY,1,0,0,0
before,2025-07-27,,S103095,U10046,mobile,social,TH,4,0,0,0
during,2025-07-31,B,S207756,U87928,desktop,organic,SG,4,0,0,0
during,2025-08-11,B,S201342,U21575,mobile,organic,ID,5,0,0,0
before,2025-07-28,,S106154,U29004,tablet,organic,ID,4,0,0,0
before,2025-07-23,,S106920,U24901,desktop,organic,ID,8,0,0,0
during,2025-08-10,B,S208318,U59669,desktop,organic,MY,3,0,0,0
during,2025-08-05,A,S205423,U42179,desktop,paid_search,TH,4,0,0,0
during,2025-08-04,B,S200249,U72761,desktop,social,ID,4,0,0,0
before,2025-07-27,,S100115,U24723,desktop,paid_search,ID,5,0,0,0
during,2025-08-04,A,S205233,U25923,mobile,paid_search,ID,4,0,0,0
during,2025-07-29,A,S202755,U13434,desktop,affiliate,MY,6,0,0,0
during,2025-07-31,A,S201082,U17073,desktop,email,ID,4,0,0,0
during,2025-08-03,B,S200014,U4687,mobile,paid_search,ID,4,0,0,0
before,2025-07-23,,S109525,U24485,desktop,organic,MY,7,0,0,0
before,2025-07-25,,S105560,U20056,mobile,organic,ID,7,0,0,0
during,2025-08-03,B,S205242,U1502,desktop,paid_search,ID,5,1,0,0
before,2025-07-17,,S101822,U89207,mobile,social,ID,3,0,0,0
during,2025-08-11,A,S203970,U66744,desktop,organic,SG,3,0,0,0
before,2025-07-25,,S109906,U23925,desktop,social,MY,4,0,0,0
before,2025-07-18,,S104425,U37572,mobile,organic,ID,5,0,0,0
during,2025-08-08,B,S205406,U29973,desktop,organic,ID,3,0,0,0
before,2025-07-27,,S102743,U73577,mobile,organic,ID,5,0,0,0
during,2025-08-05,A,S209545,U63857,tablet,email,SG,3,1,0,0
during,2025-07-30,B,S209769,U13396,desktop,paid_search,ID,9,0,0,0
before,2025-07-16,,S109921,U8549,mobile,email,PH,3,0,0,0
before,2025-07-27,,S105454,U8253,mobile,social,MY,3,0,0,0
during,2025-08-02,B,S201348,U89197,desktop,paid_search,PH,4,1,0,0
before,2025-07-28,,S107242,U6631,desktop,paid_search,ID,7,0,0,0
before,2025-07-17,,S105386,U12785,mobile,paid_search,TH,4,0,0,0
before,2025-07-24,,S108788,U37368,desktop,social,ID,3,0,0,0
during,2025-08-10,A,S207463,U13349,mobile,paid_search,PH,5,0,0,0
before,2025-07-18,,S109084,U33743,desktop,direct,SG,4,0,0,0
before,2025-07-24,,S106560,U79000,desktop,organic,ID,7,0,0,0
before,2025-07-19,,S105681,U38260,tablet,organic,ID,5,0,0,0
during,2025-08-03,B,S202548,U28367,mobile,email,ID,5,1,1,253000
during,2025-08-05,A,S209239,U64183,mobile,social,ID,3,0,0,0
during,2025-08-05,A,S207123,U20436,desktop,email,ID,3,0,0,0
before,2025-07-28,,S108407,U17087,mobile,paid_search,ID,1,0,0,0
before,2025-07-27,,S108484,U84130,desktop,email,PH,3,0,0,0
before,2025-07-25,,S106190,U13196,desktop,paid_search,MY,3,0,0,0
before,2025-07-25,,S107381,U69173,mobile,organic,MY,5,0,0,0
during,2025-08-08,B,S202747,U15750,mobile,affiliate,PH,3,0,1,106000
during,2025-07-29,B,S208000,U38497,mobile,email,ID,2,0,0,0
during,2025-08-02,A,S205303,U48167,mobile,social,ID,6,0,0,0
before,2025-07-15,,S107979,U28484,desktop,organic,ID,7,0,0,0
